{
  "accuracy": 0.7207792207792207,
  "classification_report": {
    "0": {
      "precision": 0.7766990291262136,
      "recall": 0.8,
      "f1-score": 0.7881773399014779,
      "support": 100.0
    },
    "1": {
      "precision": 0.6078431372549019,
      "recall": 0.5740740740740741,
      "f1-score": 0.5904761904761905,
      "support": 54.0
    },
    "accuracy": 0.7207792207792207,
    "macro avg": {
      "precision": 0.6922710831905577,
      "recall": 0.6870370370370371,
      "f1-score": 0.6893267651888342,
      "support": 154.0
    },
    "weighted avg": {
      "precision": 0.7174898202882211,
      "recall": 0.7207792207792207,
      "f1-score": 0.7188535602328706,
      "support": 154.0
    }
  }
}